Country,Population (2020),Yearly Change,Net Change,Density (P/Km²),Land Area (Km²),Migrants (net),Fert. Rate,Med. Age,Urban Pop %,World Share,ISO,Life expectancy,Meat consumption,Suicide rate,Male Height in Cm,Female Height in Cm,Surface area (km2),GDP: Gross domestic product (million current US$),"GDP growth rate (annual %, const. 2005 prices)",GDP per capita (current US$),Economy: Agriculture (% of GVA),Economy: Industry (% of GVA),Economy: Services and other activity (% of GVA),Employment: Agriculture (% of employed),Employment: Industry (% of employed),Employment: Services (% of employed),Unemployment (% of labour force),Labour force participation (female/male pop. %),Agricultural production index (2004-2006=100),Food production index (2004-2006=100),International trade: Exports (million US$),International trade: Imports (million US$),International trade: Balance (million US$),"Balance of payments, current account (million US$)",Infant mortality rate (per 1000 live births,Health: Total expenditure (% of GDP),Health: Physicians (per 1000 pop.),Education: Government expenditure (% of GDP),Education: Primary gross enrol. ratio (f/m per 100 pop.),Education: Secondary gross enrol. ratio (f/m per 100 pop.),Education: Tertiary gross enrol. ratio (f/m per 100 pop.),Seats held by women in national parliaments %,Mobile-cellular subscriptions (per 100 inhabitants),Mobile-cellular subscriptions (per 100 inhabitants).1,Individuals using the Internet (per 100 inhabitants),Threatened species (number),Forested area (% of land area),CO2 emission estimates (million tons/tons per capita),"Energy production, primary (Petajoules)",Energy supply per capita (Gigajoules),"Pop. using improved drinking water (urban/rural, %)","Pop. using improved sanitation facilities (urban/rural, %)",Net Official Development Assist. received (% of GNI)
Afghanistan,38928346,2.33,886592,60,652860,-62920,4.6,18,25.0,0.5,AFG,64.5,17.3,6.4,168.5,156.11,652864,20270,-2.4,623.2,23.3,23.3,53.3,61.6,10.0,28.5,8.6,,125,125,1458,3568,-2110,-5121.0,68.6,8.2,0.3,3.3,,,,27.7,61.6,8.3,42,2.1,,63,5,,,21.43,-99
Algeria,43851044,1.85,797990,18,2381740,-10000,3.1,29,73.0,0.56,DZA,76.7,18.3,3.3,175.04,162.35,2381741,164779,3.8,4154.1,12.2,37.3,50.5,10.8,34.5,54.7,11.4,,160,161,29992,47091,-17099,-27229.0,27.7,7.2,,,,,,31.6,113.0,38.2,135,0.8,,5900,55,,,0.05,-99
Angola,32866272,3.27,1040977,26,1246700,6413,5.6,17,67.0,0.42,AGO,60.8,19.0,8.9,168.46,158.1,1246700,117955,3.0,4714.1,6.8,51.2,42.0,4.2,37.6,58.2,6.6,,175,176,21011,8790,12221,-10273.0,65.4,3.3,,,,,,38.2,60.8,12.4,146,46.5,,3902,25,,,0.42,-99
Antigua and Barbuda,97929,0.84,811,223,440,0,2.0,34,26.0,0.0,ATG,76.9,56.0,0.5,178.84,165.72,442,1356,4.1,14764.5,1.9,18.3,79.8,,,,,,88,88,61,491,-429,-204.0,9.1,5.5,-99.0,,,,,11.1,137.2,65.2,55,22.3,,-99,84,,,0.12,-99
Argentina,45195774,0.93,415097,17,2736690,4800,2.3,32,93.0,0.58,ARG,76.5,79.7,9.1,174.76,161.22,2780400,632343,2.4,14564.5,6.0,27.8,66.2,2.0,24.8,73.1,6.5,,119,119,57733,55610,2124,-15944.0,13.7,4.8,3.8,5.3,,,,38.9,143.9,69.4,256,10.0,,3167,85,,,0.01,-99
Armenia,2963243,0.19,5512,104,28470,-4998,1.8,35,63.0,0.04,ARM,74.9,27.7,5.7,173.67,159.85,29743,10529,3.0,3489.1,19.0,28.3,52.8,35.0,15.7,49.3,16.6,,135,135,1776,3230,-1455,-279.0,13.2,4.5,2.8,2.8,,,,9.9,115.2,58.2,114,11.7,,48,46,,,3.17,-99
Australia,25499884,1.18,296686,3,7682300,158246,1.8,38,86.0,0.33,AUS,83.3,108.2,11.7,178.77,164.67,7692060,1230859,2.4,51352.2,2.5,26.5,71.1,2.7,21.2,76.1,5.5,,111,111,189630,189406,224,-57746.0,3.9,9.4,3.4,5.2,,,,28.7,132.8,84.6,948,16.2,,15282,222,,,-99.0,-99
Austria,9006398,0.57,51296,109,82409,65000,1.5,43,57.0,0.12,AUT,81.4,94.1,11.4,178.52,166.93,83871,376967,1.0,44117.7,1.3,28.3,70.4,4.7,25.6,69.7,6.2,,108,108,145503,149299,-3795,7020.0,3.3,11.2,5.2,5.5,,,,30.6,157.4,83.9,118,46.9,,505,158,,,-99.0,-99
Azerbaijan,10139177,0.91,91459,123,82658,1200,2.1,32,56.0,0.13,AZE,72.9,15.9,2.6,174.0,161.37,86600,53049,0.7,5438.7,6.7,49.9,43.4,36.7,14.2,49.1,5.2,,131,136,9143,8532,611,-222.0,31.4,6.0,3.4,2.6,,-99.0,,16.8,111.3,77.0,97,13.5,,2459,61,,,0.14,-99
Bahamas,393244,0.97,3762,39,10010,1000,1.8,32,86.0,0.01,BHS,73.8,123.6,1.6,174.4,163.46,13940,8854,-1.7,22817.2,1.6,12.7,85.7,3.9,14.2,81.9,14.7,,132,132,365,2904,-2539,-1409.0,9.1,7.7,,,,,-99.0,13.2,80.3,78.0,86,51.4,,0,90,,,-99.0,-99
Bahrain,1701575,3.68,60403,2239,760,47800,2.0,32,89.0,0.02,BHR,77.2,70.7,5.7,172.76,158.29,771,31126,2.9,22600.2,0.3,40.7,59.0,1.0,33.4,65.6,1.3,,167,167,12892,14749,-1856,1124.0,6.9,5.0,0.9,2.7,,,,7.5,185.3,93.5,36,0.8,,961,413,,,-99.0,-99
Bangladesh,164689383,1.01,1643222,1265,130170,-369501,2.1,28,39.0,2.11,BGD,72.3,3.1,6.1,165.08,152.38,147570,194466,6.6,1207.9,15.5,28.1,56.3,40.6,19.1,40.3,4.0,,141,140,36031,52624,-16593,2687.0,33.3,2.8,0.4,1.9,,,,20.3,83.4,14.4,151,11.0,,1438,11,,,1.24,-99
Barbados,287375,0.12,350,668,430,-79,1.6,40,31.0,0.0,BRB,79.1,88.7,0.4,177.03,165.66,431,4385,0.9,15429.4,1.7,12.1,86.2,2.8,19.3,77.9,11.3,,88,88,517,1621,-1104,-248.0,9.6,7.5,,6.6,,,,16.7,116.5,76.1,56,14.7,,2,59,,,,-99
Belarus,9449323,-0.03,-3088,47,202910,8730,1.7,40,79.0,0.12,BLR,74.6,58.6,21.4,178.69,166.93,207600,54609,-3.9,5750.8,7.5,38.9,53.6,9.6,32.0,58.4,0.5,,122,122,23414,27464,-4050,-2037.0,3.6,5.7,4.1,4.9,,,,34.5,123.6,62.2,25,42.5,,155,122,,,0.2,-99
Belgium,11589623,0.44,50295,383,30280,48000,1.7,42,98.0,0.15,BEL,81.5,86.1,15.7,179.09,163.4,30528,455107,1.5,40277.8,0.7,22.2,77.1,1.2,21.2,77.6,8.3,,108,107,398033,372713,25321,1936.0,3.5,10.6,3.0,6.6,,,,38.0,115.7,85.1,37,22.6,,520,196,,,-99.0,-99
Belize,397628,1.86,7275,17,22810,1200,2.3,25,46.0,0.01,BLZ,74.5,74.7,5.9,170.52,158.12,22966,1721,1.2,4789.4,14.6,18.5,66.9,16.1,15.9,67.9,11.5,,97,97,246,952,-706,-175.0,14.3,5.8,,6.4,,,,9.4,48.9,41.6,117,60.1,,9,36,,,1.68,-99
Benin,12123200,2.73,322049,108,112760,-2000,4.9,19,48.0,0.16,BEN,61.5,16.2,15.7,168.44,158.4,114763,8476,5.2,779.1,23.2,24.9,51.9,43.2,10.2,46.6,1.0,,152,158,410,2630,-2220,-885.0,67.7,4.6,0.1,4.4,,,,7.2,85.6,6.8,88,38.7,,96,17,,,5.09,-99
Bhutan,771608,1.12,8516,20,38117,320,2.0,28,46.0,0.01,BTN,71.5,3.0,11.6,167.05,155.15,38394,2074,5.2,2677.1,17.2,43.9,38.8,56.6,9.7,33.7,2.4,,98,98,616,1688,-1072,-579.0,30.5,3.6,0.3,7.4,,,,8.5,87.1,39.8,71,72.0,,75,82,,,5.26,-99
"Bolivia, Plurinational State of",11673021,1.39,159921,11,1083300,-9504,2.8,26,69.0,0.15,BOL,71.2,50.0,12.9,168.1,155.58,1098581,32998,4.8,3076.8,12.6,31.0,56.5,29.5,21.1,49.4,3.8,,142,143,6969,8374,-1405,-1854.0,42.9,6.3,0.5,7.3,,,,53.1,92.2,45.1,231,50.8,,962,32,,,2.38,-99
Bosnia and Herzegovina,3280819,-0.61,-20181,64,51000,-21585,1.3,43,52.0,0.04,BIH,77.3,21.4,6.4,182.47,167.47,51209,16251,3.1,4265.0,7.3,26.5,66.2,18.0,30.4,51.7,25.4,,96,97,5327,9130,-3803,-923.0,7.6,9.6,1.9,-99.0,-99.0,-99.0,-99.0,21.4,90.2,65.1,91,42.7,,252,85,,,2.2,-99
Botswana,2351627,2.08,47930,4,566730,3000,2.9,24,73.0,0.03,BWA,69.3,27.3,11.5,173.16,162.06,582000,14391,-0.3,6360.6,2.4,33.4,64.2,25.7,14.9,59.4,18.6,,110,110,7321,6103,1218,1120.0,35.2,5.4,0.4,,,,,9.5,169.0,27.5,28,19.3,,47,44,,,0.46,-99
Brazil,212559417,0.72,1509890,25,8358140,21200,1.7,33,88.0,2.73,BRA,75.7,82.4,6.1,175.73,162.41,8515767,1772591,-3.8,8528.3,5.2,22.7,72.0,15.2,21.5,63.2,12.4,,135,136,185235,137552,47683,-58882.0,15.8,8.3,1.9,6.0,,,,10.7,126.6,59.1,990,59.2,,10948,61,,,0.06,-99
Bulgaria,6948445,-0.74,-51674,64,108560,-4800,1.6,45,76.0,0.09,BGR,74.9,69.4,7.9,174.17,164.58,111002,48953,3.0,6846.8,5.1,27.6,67.2,6.5,29.4,64.1,8.1,,117,119,26088,28875,-2787,196.0,8.3,8.4,4.0,4.1,,,,19.2,129.3,56.7,104,35.1,,474,103,,,-99.0,-99
Burkina Faso,20903273,2.86,581895,76,273600,-25000,5.2,18,31.0,0.27,BFA,61.2,11.2,14.8,171.89,161.33,272967,11065,4.1,611.1,34.5,21.8,43.7,80.0,4.9,15.1,2.9,,131,134,2019,3699,-1680,-998.0,64.8,5.0,,4.1,,,,11.0,80.6,11.4,31,19.8,,123,9,,,9.11,-99
Burundi,11890784,3.12,360204,463,25680,2001,5.5,17,14.0,0.15,BDI,61.2,3.5,15.0,167.34,155.08,27830,2735,-4.1,244.6,36.3,13.9,49.8,91.1,2.6,6.3,1.7,,109,122,123,625,-502,-375.0,77.8,7.5,,5.4,,,,36.4,46.2,4.9,61,10.6,,56,6,,,11.91,-99
Cambodia,16718965,1.41,232423,95,176520,-30000,2.5,26,24.0,0.21,KHM,69.6,13.9,5.9,165.35,154.75,181035,18050,7.0,1158.7,28.2,29.4,42.3,42.4,19.6,38.0,0.3,,175,177,13204,15313,-2109,-1657.0,29.9,5.7,0.2,1.9,,,,20.3,133.0,19.0,255,54.3,,178,17,,,3.97,-99
Cameroon,26545863,2.59,669483,56,472710,-4800,4.6,19,56.0,0.34,CMR,58.9,14.4,19.5,172.13,160.41,475650,28416,5.8,1217.3,22.7,28.3,49.1,61.8,8.7,29.5,4.6,,155,160,2130,4899,-2768,-1173.0,67.5,4.1,,3.0,,,,31.1,71.8,20.7,775,40.3,,408,14,,,2.31,-99
Canada,37742154,0.89,331107,4,9093510,242032,1.5,41,81.0,0.48,CAN,82.3,108.1,10.4,178.75,164.73,9984670,1552808,0.9,43205.6,1.8,28.6,69.6,2.1,19.5,78.4,7.1,,109,109,388911,402954,-14043,-53083.0,4.7,10.4,2.5,5.3,,,,26.3,81.9,88.5,122,38.2,,19276,324,,,-99.0,-99
Central African Republic,4829767,1.78,84582,8,622980,-40000,4.8,18,43.0,0.06,CAF,52.8,28.0,11.6,169.01,159.65,622984,1633,4.8,333.2,34.9,24.8,40.4,72.2,4.3,23.4,6.9,,114,113,213,147,66,-99.0,93.5,4.2,,1.2,,,,8.6,20.4,4.6,60,35.6,,19,5,,,32.25,-99
Chad,16425864,3.0,478988,13,1259200,2000,5.8,17,23.0,0.21,TCD,54.0,14.3,15.5,171.84,162.12,1284000,10009,6.6,713.0,25.4,39.0,35.6,76.6,2.0,21.4,5.8,,146,151,1990,1371,619,-99.0,91.2,3.6,,2.8,,,,12.8,40.2,2.7,43,4.0,,288,6,,,5.74,-99
Chile,19116201,0.87,164163,26,743532,111708,1.7,35,85.0,0.25,CHL,80.0,66.4,9.7,172.88,159.42,756102,240796,2.3,13416.2,3.9,32.8,63.3,9.6,22.9,67.5,6.8,,111,111,59884,58804,1080,-4761.0,7.4,7.8,,4.9,,,,15.8,129.5,64.3,197,23.4,,540,85,,,0.02,-99
China,1439323776,0.39,5540090,153,9388211,-348399,1.7,38,61.0,18.47,CHN,76.7,52.4,8.0,175.66,163.46,9600000,11158457,6.9,8109.1,9.2,41.1,49.7,27.0,23.9,49.1,4.6,,132,133,2118981,1588696,530285,330602.0,11.6,5.5,1.5,-99.0,,,,23.7,93.2,50.3,1080,22.0,,101394,87,,,0.0,-99
Colombia,50882891,1.08,543448,46,1109500,204796,1.8,31,80.0,0.65,COL,77.1,33.9,7.0,171.85,157.96,1141748,292080,3.1,6056.1,6.8,34.0,59.2,13.5,16.6,69.9,10.5,,114,115,31045,44831,-13786,-18922.0,17.9,7.2,,4.5,,,,18.7,115.7,55.9,835,52.8,,5380,31,,,0.47,-99
Comoros,869601,2.2,18715,467,1861,-2000,4.2,20,29.0,0.01,COM,64.1,7.6,11.1,167.72,156.54,2235,1079,4.8,1368.9,30.7,4.0,65.3,62.0,5.2,32.8,20.0,,107,107,20,193,-173,,58.1,6.7,,4.3,,,,6.1,54.8,7.5,114,20.1,,3,6,,,12.05,-99
Congo,5518087,2.56,137579,16,341500,-4000,4.5,19,70.0,0.07,COG,64.3,13.3,9.3,171.23,158.78,342000,8493,1.2,1838.1,4.7,70.0,25.3,40.7,25.8,33.5,11.5,,106,106,2540,9793,-7253,,46.5,5.2,,,,,,7.4,111.7,7.6,134,65.4,,648,24,,,1.05,-99
Costa Rica,5094118,0.92,46557,100,51060,4200,1.8,33,80.0,0.07,CRI,80.1,40.4,7.5,174.04,160.36,51100,52958,3.7,11015.0,5.1,21.5,73.4,11.6,19.1,69.3,8.6,,127,129,9908,15322,-5414,-2493.0,9.3,9.3,1.2,7.2,,,,35.1,150.7,59.8,340,53.4,,110,44,,,0.22,-99
Croatia,4105267,-0.61,-25037,73,55960,-8001,1.4,44,58.0,0.05,HRV,78.3,49.9,11.5,180.76,166.8,56594,48676,1.6,11479.4,4.1,26.6,69.3,9.2,26.8,64.0,11.7,,91,91,13648,21830,-8182,2492.0,3.9,7.8,3.1,4.6,,,,19.9,103.8,69.8,176,34.3,,182,79,,,,-99
Cuba,11326616,-0.06,-6867,106,106440,-14400,1.6,42,78.0,0.15,CUB,78.6,32.2,10.1,173.56,160.13,109884,87206,4.4,7656.6,5.0,20.5,74.5,12.9,11.7,75.3,3.0,,100,101,18000,4911,13089,-99.0,5.5,11.1,7.5,,,,,48.9,29.6,31.1,339,30.2,,212,47,,,,-99
Cyprus,1207359,0.73,8784,131,9240,5000,1.3,37,67.0,0.02,CYP,80.8,131.3,4.5,172.75,160.55,9251,19561,1.7,21941.9,2.3,10.6,87.2,4.1,16.7,79.2,10.3,,80,80,1920,6604,-4684,-576.0,4.2,7.4,2.5,6.1,,,,17.9,95.4,71.7,72,18.7,,5,72,,,-99.0,-99
Czech Republic (Czechia),10708981,0.18,19772,139,77240,22011,1.6,43,74.0,0.14,CZE,79.2,77.3,10.5,181.19,167.96,78868,185156,4.5,17561.7,2.5,37.8,59.7,2.5,37.0,60.5,3.9,,102,102,161248,140316,20932,1683.0,2.5,7.4,3.7,4.1,,,,20.0,129.2,81.3,53,34.5,,1221,164,,,-99.0,-99
"Congo, The Democratic Republic of the",89561403,3.19,2770836,40,2267050,23861,6.0,17,46.0,1.15,COD,60.4,4.8,9.7,168.6,156.3,2344858,37569,7.0,486.2,19.9,44.2,35.9,65.3,5.9,28.9,3.6,,104,104,5103,5906,-803,-1546.0,73.2,4.3,,2.2,,,,8.9,53.0,3.8,349,67.4,,1179,16,,,8.01,-99
Denmark,5792202,0.35,20326,137,42430,15200,1.8,42,88.0,0.07,DNK,80.8,145.9,9.2,181.89,169.47,42921,301308,1.6,53149.3,1.2,22.9,75.8,2.4,19.2,78.4,6.0,,105,105,94355,85133,9222,27582.0,3.5,10.8,3.6,8.6,,,,37.4,128.3,96.3,47,14.4,,666,119,,,-99.0,-99
Djibouti,988000,1.48,14440,43,23180,900,2.8,27,79.0,0.01,DJI,66.6,17.1,8.5,170.77,159.82,23200,1737,6.5,1956.3,3.3,21.4,75.3,22.8,23.9,53.2,6.6,,133,133,134,987,-852,-548.0,55.3,10.6,0.2,,,,,10.8,34.7,11.9,98,0.2,,3,13,,,,-99
Dominican Republic,10847910,1.01,108952,225,48320,-30000,2.4,28,85.0,0.14,DOM,73.9,37.8,10.5,174.65,161.21,48671,67103,7.0,6373.6,6.6,28.0,65.4,13.1,16.9,70.0,14.4,,136,138,3747,22725,-18978,-1335.0,25.1,4.4,1.5,,,,,26.8,82.6,51.9,184,40.4,,28,28,,,0.43,-99
Ecuador,17643054,1.55,269392,71,248360,36400,2.4,28,63.0,0.23,ECU,76.8,45.0,7.2,167.32,155.25,257217,100177,0.2,6205.1,10.1,34.1,55.8,25.7,19.2,55.1,5.8,,118,119,16798,16189,609,-2201.0,21.1,9.2,1.7,5.0,,,,41.6,79.4,48.9,2358,50.8,,1247,42,,,0.31,-99
Egypt,102334404,1.94,1946331,103,995450,-38033,3.3,25,43.0,1.31,EGY,71.8,22.5,4.4,174.57,160.88,1002000,315917,4.2,3452.3,11.2,36.3,52.5,25.4,25.3,49.3,11.5,,120,122,22507,58053,-35545,-16786.0,18.9,5.6,0.8,,,,,14.9,111.0,35.9,156,0.1,,3509,36,,,0.78,-99
El Salvador,6486205,0.51,32652,313,20720,-40539,2.1,28,73.0,0.08,SLV,73.1,21.4,13.5,170.67,156.39,21041,25850,2.5,4219.4,10.8,25.8,63.3,18.6,20.2,61.2,6.4,,111,117,5335,9855,-4519,-920.0,17.0,6.8,,3.5,,,,32.1,145.3,26.9,86,13.0,,86,28,,,0.36,-99
Eritrea,3546421,1.41,49304,35,101000,-39858,4.1,19,63.0,0.05,ERI,65.9,7.7,13.8,170.6,157.58,117600,4783,4.8,914.9,17.2,23.5,59.3,57.0,7.6,35.4,7.3,,109,109,16,3325,-3310,-99.0,45.0,3.3,,,,,,22.0,7.0,1.1,122,15.0,,27,7,,,,-99
Estonia,1326535,0.07,887,31,42390,3911,1.6,42,68.0,0.02,EST,78.6,67.4,14.4,182.79,168.66,45227,22460,1.4,17112.0,3.4,27.4,69.2,3.8,29.0,67.3,7.2,,136,136,13952,15759,-1807,493.0,3.2,6.4,3.3,5.5,,,,26.7,148.7,88.4,23,52.7,,242,193,,,-99.0,-99
Ethiopia,114963588,2.57,2884858,115,1000000,30000,4.3,19,21.0,1.47,ETH,66.2,7.9,11.4,168.84,157.15,1104300,59917,9.6,602.8,40.5,16.0,43.5,70.5,8.4,21.1,5.7,,158,157,1724,19121,-17397,,45.8,4.9,,4.5,,,,38.8,42.8,11.6,148,12.5,,1308,15,,,5.28,-99
Fiji,896445,0.73,6492,49,18270,-6202,2.8,28,59.0,0.01,FJI,67.3,39.1,5.5,173.98,164.28,18272,4391,3.6,4921.9,11.3,18.1,70.7,21.3,2.9,75.8,7.7,,88,88,926,2316,-1391,-72.0,16.0,4.5,,3.9,,,,16.0,108.2,46.3,291,55.4,,8,26,,,2.46,-99
Finland,5540720,0.15,8564,18,303890,14000,1.5,43,86.0,0.07,FIN,81.7,67.4,11.7,180.57,166.48,338440,231960,0.2,42148.1,2.5,26.8,70.6,4.2,22.0,73.8,8.9,,101,101,57326,60502,-3176,-979.0,2.3,9.7,3.0,7.2,,,,42.0,135.5,92.7,36,73.1,,757,257,,,-99.0,-99
France,65273511,0.22,143783,119,547557,36527,1.9,42,82.0,0.84,FRA,82.5,101.1,12.1,178.6,164.49,551500,2418946,1.3,36304.2,1.7,19.5,78.8,2.7,20.5,76.8,9.8,,103,103,488885,560555,-71670,-4861.0,3.4,11.5,3.2,5.5,,,,25.8,102.6,84.7,278,30.8,,5694,158,,,-99.0,-99
Gabon,2225734,2.45,53155,9,257670,3260,4.0,23,87.0,0.03,GAB,66.2,46.0,9.6,170.48,160.05,267668,13735,3.9,7960.7,3.8,54.5,41.7,16.2,19.1,64.8,18.1,,97,92,2851,2930,-79,,40.8,3.4,,2.7,,-99.0,,17.1,168.9,23.5,270,88.5,,559,64,,,0.73,-99
Gambia,2416668,2.94,68962,239,10120,-3087,5.3,18,59.0,0.03,GMB,61.7,5.2,10.0,168.36,161.73,11295,942,4.7,473.2,21.1,14.9,64.0,30.4,14.4,55.2,29.7,,82,82,32,471,-439,,49.8,7.3,,2.8,,,,9.4,131.3,17.1,67,48.1,,7,7,,,12.35,-99
Georgia,3989167,-0.19,-7598,57,69490,-10000,2.1,38,58.0,0.05,GEO,73.6,26.0,6.7,175.98,163.24,69700,13965,2.8,3491.4,9.0,24.1,66.9,44.7,11.2,44.1,11.4,,85,86,2114,7236,-5122,-1775.0,11.2,7.4,4.8,2.0,,,,16.0,129.0,45.2,120,40.6,,61,47,,,3.3,-99
Germany,83783942,0.32,266897,240,348560,543822,1.6,46,76.0,1.07,DEU,81.2,82.1,9.1,180.28,166.18,357376,3363600,1.7,41686.2,0.6,30.5,68.9,1.4,27.5,71.2,4.2,,111,111,1340752,1060672,280080,279969.0,3.4,11.3,4.1,5.0,,,,37.0,116.7,87.6,116,32.7,,5004,158,,,-99.0,-99
Ghana,31072940,2.15,655084,137,227540,-10000,3.9,22,57.0,0.4,GHA,63.8,9.9,8.7,170.3,158.86,238537,37156,3.9,1355.6,19.0,26.9,54.1,41.9,14.2,43.8,5.9,,144,144,7221,11939,-4718,-2809.0,46.5,3.6,,6.2,,,,12.7,129.7,23.5,238,40.9,,410,14,,,4.81,-99
Greece,10423054,-0.48,-50401,81,128900,-16000,1.3,46,85.0,0.13,GRC,82.1,78.7,3.8,179.26,165.81,131957,194860,-0.2,17788.0,4.1,15.7,80.2,12.9,15.0,72.1,23.0,,86,87,27811,47595,-19784,218.0,3.3,8.1,6.3,,,,,18.3,114.0,66.8,374,31.2,,368,89,,,-99.0,-99
Grenada,112523,0.46,520,331,340,-200,2.1,32,35.0,0.0,GRD,72.4,97.0,1.7,178.7,165.99,345,954,6.2,8933.8,8.3,13.9,77.8,-99.0,-99.0,-99.0,,-99.0,103,103,30,350,-320,-213.0,9.6,6.1,,,,,,33.3,112.2,53.8,54,50.0,,0,35,,,2.55,-99
Guatemala,17915568,1.9,334096,167,107160,-9215,2.9,23,52.0,0.23,GTM,74.1,23.8,2.9,164.36,150.91,108889,63794,4.1,3903.5,10.8,27.2,62.0,32.0,18.5,49.4,2.4,,158,158,10572,16987,-6415,-96.0,26.9,6.2,,3.0,,,,12.7,111.5,27.1,290,33.4,,327,32,,,0.66,-99
Guinea,13132795,2.83,361549,53,245720,-4000,4.7,18,39.0,0.17,GIN,61.2,6.5,10.5,170.7,158.75,245857,8875,0.1,703.9,19.8,32.8,47.4,69.7,7.4,22.9,6.8,,130,131,1753,2082,-329,-1240.0,65.7,5.6,,3.2,,,,21.9,87.2,4.7,185,26.0,,113,12,,,8.65,-99
Guinea,13132795,2.83,361549,53,245720,-4000,4.7,18,39.0,0.17,GIN,61.2,6.5,7.4,170.7,158.75,245857,8875,0.1,703.9,19.8,32.8,47.4,69.7,7.4,22.9,6.8,,130,131,1753,2082,-329,-1240.0,65.7,5.6,,3.2,,,,21.9,87.2,4.7,185,26.0,,113,12,,,8.65,-99
Guinea,13132795,2.83,361549,53,245720,-4000,4.7,18,39.0,0.17,GIN,61.2,13.0,10.5,170.7,158.75,245857,8875,0.1,703.9,19.8,32.8,47.4,69.7,7.4,22.9,6.8,,130,131,1753,2082,-329,-1240.0,65.7,5.6,,3.2,,,,21.9,87.2,4.7,185,26.0,,113,12,,,8.65,-99
Guinea,13132795,2.83,361549,53,245720,-4000,4.7,18,39.0,0.17,GIN,61.2,13.0,7.4,170.7,158.75,245857,8875,0.1,703.9,19.8,32.8,47.4,69.7,7.4,22.9,6.8,,130,131,1753,2082,-329,-1240.0,65.7,5.6,,3.2,,,,21.9,87.2,4.7,185,26.0,,113,12,,,8.65,-99
Guinea,13132795,2.83,361549,53,245720,-4000,4.7,18,39.0,0.17,GIN,58.0,6.5,10.5,170.7,158.75,245857,8875,0.1,703.9,19.8,32.8,47.4,69.7,7.4,22.9,6.8,,130,131,1753,2082,-329,-1240.0,65.7,5.6,,3.2,,,,21.9,87.2,4.7,185,26.0,,113,12,,,8.65,-99
Guinea,13132795,2.83,361549,53,245720,-4000,4.7,18,39.0,0.17,GIN,58.0,6.5,7.4,170.7,158.75,245857,8875,0.1,703.9,19.8,32.8,47.4,69.7,7.4,22.9,6.8,,130,131,1753,2082,-329,-1240.0,65.7,5.6,,3.2,,,,21.9,87.2,4.7,185,26.0,,113,12,,,8.65,-99
Guinea,13132795,2.83,361549,53,245720,-4000,4.7,18,39.0,0.17,GIN,58.0,13.0,10.5,170.7,158.75,245857,8875,0.1,703.9,19.8,32.8,47.4,69.7,7.4,22.9,6.8,,130,131,1753,2082,-329,-1240.0,65.7,5.6,,3.2,,,,21.9,87.2,4.7,185,26.0,,113,12,,,8.65,-99
Guinea,13132795,2.83,361549,53,245720,-4000,4.7,18,39.0,0.17,GIN,58.0,13.0,7.4,170.7,158.75,245857,8875,0.1,703.9,19.8,32.8,47.4,69.7,7.4,22.9,6.8,,130,131,1753,2082,-329,-1240.0,65.7,5.6,,3.2,,,,21.9,87.2,4.7,185,26.0,,113,12,,,8.65,-99
Guyana,786552,0.48,3786,4,196850,-6000,2.5,27,27.0,0.01,GUY,69.8,31.8,30.2,172.15,159.57,214969,3282,3.1,4278.8,17.6,31.7,50.6,18.4,25.4,56.2,11.3,,142,143,1453,1625,-172,-144.0,33.2,5.2,,3.2,,,,31.9,67.2,38.2,94,84.0,,7,46,,,0.97,-99
Haiti,11402528,1.24,139451,414,27560,-35000,3.0,24,57.0,0.15,HTI,63.7,15.3,12.2,172.23,160.58,27750,8501,1.7,793.7,16.7,38.2,45.1,46.9,12.6,40.6,12.9,,163,166,984,3316,-2332,-723.0,46.9,7.6,-99.0,-99.0,-99.0,-99.0,-99.0,2.6,69.9,12.2,205,3.5,,136,16,,,11.73,-99
Honduras,9904607,1.63,158490,89,111890,-6800,2.5,24,57.0,0.13,HND,75.1,24.7,3.4,169.59,155.18,112492,20365,3.6,2521.9,13.0,25.1,61.9,29.4,21.6,49.0,5.6,,122,119,3657,8448,-4791,-1291.0,27.8,8.7,,5.9,,,,25.8,95.5,20.4,301,42.1,,105,28,,,2.86,-99
Hungary,9660351,-0.25,-24328,107,90530,6000,1.5,43,72.0,0.12,HUN,76.7,100.7,13.6,176.59,162.55,93024,121715,3.1,12350.6,4.1,31.9,64.0,4.3,29.8,65.9,4.5,,99,99,103071,92044,11027,3946.0,4.9,7.4,3.3,4.7,,,,10.1,118.9,72.8,66,22.8,,423,97,,,-99.0,-99
Iceland,341243,0.65,2212,3,100250,380,1.8,37,94.0,0.0,ISL,82.9,84.8,13.3,182.1,168.91,103000,16780,4.2,50936.0,6.4,24.0,69.7,4.0,17.7,78.2,3.6,,117,117,4450,5703,-1254,854.0,1.6,8.9,3.8,7.8,,,,47.6,114.0,98.2,27,0.5,,284,952,,,-99.0,-99
India,1380004385,0.99,13586631,464,2973190,-532687,2.2,28,35.0,17.7,IND,69.4,5.2,16.5,166.5,155.18,3287263,2116239,7.6,1614.2,17.0,29.7,53.2,44.3,24.5,31.2,3.4,,143,142,260327,356705,-96378,-22457.0,41.3,4.7,0.7,3.8,,,,11.8,78.8,26.0,1052,23.7,,23103,27,,,0.16,-99
Indonesia,273523615,1.07,2898047,151,1811570,-98955,2.3,30,56.0,3.51,IDN,71.5,8.3,3.7,166.26,154.36,1910931,861934,4.8,3346.5,14.0,41.3,44.7,31.4,22.4,46.2,5.8,,139,140,144490,135653,8837,-17697.0,25.0,2.8,0.2,3.6,,,,19.8,132.4,22.0,1281,50.6,,19481,35,,,0.0,-99
"Iran, Islamic Republic of",83992949,1.3,1079043,52,1628550,-55000,2.2,32,76.0,1.08,IRN,76.5,23.1,4.0,175.62,161.18,1628750,398563,0.4,5038.1,8.6,39.1,52.3,16.6,32.5,50.9,11.3,,106,107,45627,35333,10294,-99.0,14.8,7.5,1.5,2.9,,,,5.9,93.4,44.1,134,6.6,,13291,127,,,0.02,-99
Iraq,40222493,2.32,912710,93,434320,7834,3.7,21,73.0,0.52,IRQ,70.5,18.2,4.1,173.79,158.75,435052,164234,-2.4,4509.0,4.6,58.0,37.4,20.4,21.0,58.6,16.1,,123,123,27341,45831,-18490,4121.0,32.1,5.5,0.9,-99.0,,,,25.3,93.8,17.2,72,1.9,,6744,58,,,0.88,-99
Ireland,4937786,1.13,55291,72,68890,23604,1.8,38,63.0,0.06,IRL,82.1,106.3,10.9,179.04,164.5,69797,283716,26.3,60513.6,1.0,41.7,57.3,4.8,17.7,77.4,7.6,,102,102,129315,76997,52318,28967.0,3.4,7.8,2.8,5.3,,,,22.2,103.7,80.1,50,10.9,,84,114,,,-99.0,-99
Israel,8655535,1.6,136158,400,21640,10000,3.0,30,93.0,0.11,ISR,82.8,97.1,5.2,175.98,162.22,22072,299413,2.5,37129.4,1.3,21.2,77.5,1.0,17.9,81.0,5.9,,112,112,60571,65803,-5232,13642.0,3.4,7.8,3.6,5.8,,,,27.5,133.5,78.9,174,7.5,,313,119,,,-99.0,-99
Italy,60461826,-0.15,-88249,206,294140,148943,1.3,47,69.0,0.78,ITA,83.6,90.4,5.5,174.42,161.81,302073,1821580,0.7,30462.4,2.2,23.5,74.2,3.5,27.1,69.4,11.4,,89,89,461529,404578,56951,29348.0,3.0,9.2,3.9,4.1,,,,31.0,151.3,65.6,359,31.4,,1539,103,,,-99.0,-99
Jamaica,2961167,0.44,12888,273,10830,-11332,2.0,31,55.0,0.04,JAM,74.4,56.8,2.0,176.97,164.32,10990,14262,1.0,5105.8,7.1,22.3,70.5,17.9,15.3,66.8,13.1,,102,102,1202,4767,-3565,-400.0,15.0,5.4,,5.5,,,,17.5,111.5,43.2,311,31.0,,8,37,,,0.42,-99
Japan,126476461,-0.3,-383840,347,364555,71560,1.4,48,92.0,1.62,JPN,84.5,45.9,14.3,172.06,158.5,377930,4383076,1.2,34628.7,1.2,26.4,72.4,3.7,26.5,69.8,3.0,,96,97,644932,606924,38008,135608.0,2.2,10.2,2.3,3.6,,,,9.3,125.0,93.3,404,68.5,,1114,146,,,-99.0,-99
Jordan,10203134,1.0,101440,115,88780,10220,2.8,24,91.0,0.13,JOR,74.4,29.8,3.7,174.84,159.46,89318,37517,2.4,4940.1,4.0,27.7,68.4,2.0,17.8,80.2,13.4,,134,135,7509,19207,-11698,-3332.0,17.1,7.5,2.6,-99.0,,,,15.4,179.4,53.4,113,1.1,,7,47,,,5.8,-99
Kazakhstan,18776707,1.21,225280,7,2699700,-18000,2.8,31,58.0,0.24,KAZ,73.2,44.8,22.8,175.5,161.74,2724902,181754,1.2,10312.1,5.0,32.5,62.5,18.1,20.4,61.6,5.6,,126,127,36775,25175,11601,-5464.0,14.1,4.4,3.3,2.8,,,,27.1,187.2,72.9,82,1.2,,7091,193,,,0.05,-99
Kenya,53771296,2.28,1197323,94,569140,-10000,3.5,20,28.0,0.69,KEN,63.3,14.3,5.6,170.46,159.43,591958,63399,5.6,1376.7,32.0,19.0,49.0,61.9,8.6,29.5,10.8,,126,126,5688,14109,-8420,-6339.0,39.4,5.7,0.2,5.3,,,,19.4,80.7,45.6,480,7.7,,750,20,,,3.93,-99
Kiribati,119449,1.57,1843,147,810,-800,3.6,23,57.0,0.0,KIR,68.1,32.1,15.2,170.09,161.04,726,162,3.7,1442.9,24.1,13.6,62.2,,,,,,61,61,3,116,-113,45.0,46.9,10.2,0.2,,,,-99.0,6.5,38.8,13.0,104,15.0,,0,8,,,20.05,-99
Kuwait,4270571,1.51,63488,240,17820,39520,2.1,37,43.0,0.05,KWT,75.4,60.2,2.2,174.96,160.1,17818,114054,1.8,29303.9,0.6,48.7,50.7,2.6,27.3,70.1,2.2,,199,199,46238,30825,15413,8584.0,8.4,3.0,1.9,,,,,3.1,231.8,82.1,49,0.4,,6941,380,,,-99.0,-99
Kyrgyzstan,6524195,1.69,108345,34,191800,-4000,3.0,26,36.0,0.08,KGZ,71.3,39.0,9.1,171.66,160.2,199949,6572,3.5,1106.4,15.4,25.9,58.7,29.2,21.0,49.8,7.7,,108,110,1423,3844,-2421,-721.0,19.6,6.5,1.9,5.5,,,,19.2,132.8,30.2,44,3.4,,80,27,,,12.16,-99
Lao People's Democratic Republic,7275560,1.48,106105,32,230800,-14704,2.7,24,36.0,0.09,LAO,67.6,15.0,9.3,162.78,153.1,236800,12585,7.6,1850.2,23.6,32.8,43.6,78.3,4.0,17.7,1.5,,193,186,2066,4513,-2447,-2264.0,47.3,1.9,0.2,3.3,,,,27.5,53.1,18.2,209,80.5,,72,12,,,4.03,-99
Latvia,1886198,-1.08,-20545,30,62200,-14837,1.7,44,69.0,0.02,LVA,75.2,45.7,17.2,181.17,168.81,64573,27004,2.7,13704.1,3.2,23.3,73.5,7.3,23.0,69.7,9.6,,130,130,11433,13596,-2163,-210.0,6.5,5.9,3.2,5.3,,,,16.0,127.0,79.2,30,54.0,,108,99,,,-99.0,-99
Lebanon,6825445,-0.44,-30268,667,10230,-30012,2.1,30,78.0,0.09,LBN,78.9,63.1,3.2,178.96,163.67,10452,50149,1.5,8571.4,3.2,19.6,77.2,8.2,22.4,69.4,7.0,,95,95,3402,20409,-17007,-8146.0,9.2,6.4,2.4,2.6,,,,3.1,87.1,74.0,87,13.4,,7,55,,,2.04,-99
Lesotho,2142249,0.8,16981,71,30360,-10047,3.2,24,31.0,0.03,LSO,53.7,15.4,28.9,167.92,156.72,30355,2008,2.8,940.6,7.7,31.3,61.0,39.7,20.0,40.3,27.5,,101,100,648,1727,-1079,-168.0,59.8,10.6,,,,,,25.0,105.5,16.1,18,1.6,,31,28,,,4.11,-99
Liberia,5057681,2.44,120307,53,96320,-5000,4.4,19,53.0,0.06,LBR,63.7,7.9,13.4,165.48,156.54,111369,2053,0.3,455.9,70.8,11.4,17.9,45.3,11.7,43.0,4.1,,104,121,641,727,-86,-860.0,59.0,10.0,,2.8,,,,12.3,81.1,5.9,172,43.7,,73,19,,,61.73,-99
Libya,6871292,1.38,93840,4,1759540,-1999,2.3,29,78.0,0.09,LBY,72.7,28.6,5.5,176.39,162.56,1676198,34457,-10.2,5488.2,0.9,67.1,32.0,19.1,25.1,55.8,19.2,,113,114,4615,8876,-4261,-108.0,24.3,5.0,2.1,-99.0,,,,16.0,157.0,19.0,63,0.1,,1505,119,,,0.51,-99
Lithuania,2722289,-1.35,-37338,43,62674,-32780,1.7,45,71.0,0.03,LTU,75.7,49.5,25.7,180.72,167.63,65286,41402,1.8,14383.7,3.6,29.8,66.5,8.7,24.5,66.8,9.2,,125,125,25025,27501,-2476,-977.0,4.4,6.6,4.3,4.6,,,,21.3,139.5,71.4,26,34.8,,74,98,,,-99.0,-99
Luxembourg,625978,1.66,10249,242,2590,9741,1.5,40,88.0,0.01,LUX,82.1,141.7,10.4,178.46,165.07,2586,56802,3.5,100160.8,0.2,12.1,87.7,1.3,10.2,88.5,5.6,,98,98,12838,19124,-6285,2962.0,3.4,6.9,2.9,4.1,,,,28.3,148.5,97.3,11,33.5,,6,290,,,-99.0,-99
Madagascar,27691018,2.68,721711,48,581795,-1500,4.1,20,39.0,0.36,MDG,66.7,17.6,6.9,165.16,153.06,587295,9739,3.1,401.8,24.9,18.4,56.7,74.2,9.4,16.5,2.3,,119,120,2256,2965,-709,-622.0,36.8,3.0,0.1,2.1,,,,19.2,46.0,4.2,1324,21.5,,129,7,,,7.05,-99
Malawi,19129952,2.69,501205,203,94280,-16053,4.3,18,18.0,0.25,MWI,63.8,5.1,7.8,165.68,156.14,118484,6420,3.0,372.9,26.1,16.6,57.3,69.9,4.8,25.4,6.8,,149,150,875,1649,-774,-710.0,66.5,11.4,,5.6,,,,16.7,35.3,9.3,176,33.6,,89,6,,,16.53,-99
Malaysia,32365999,1.3,416222,99,328550,50000,2.0,30,78.0,0.42,MYS,76.1,50.9,6.2,169.2,157.06,330323,296284,5.0,9768.4,8.6,39.6,51.8,11.8,27.3,60.9,3.3,,122,130,189414,168375,21039,8960.0,6.5,4.2,1.3,5.0,,,,10.4,143.9,71.1,1272,67.5,,3738,118,,,0.0,-99
Mali,20250833,3.02,592802,17,1220190,-40000,5.9,16,44.0,0.26,MLI,58.9,19.0,8.9,175.02,161.99,1240192,13100,7.6,744.3,39.9,19.6,40.5,56.7,14.7,28.6,8.1,,154,157,3030,2510,520,-676.0,78.5,7.0,,3.7,,,,8.8,139.6,10.3,42,3.9,,55,4,,,9.45,-99
Malta,441543,0.27,1171,1380,320,900,1.5,43,93.0,0.01,MLT,82.4,86.9,6.5,174.38,162.95,315,9747,6.2,23280.7,1.4,15.0,83.6,1.2,20.9,77.9,5.4,,96,96,4039,7182,-3143,539.0,4.8,9.7,3.9,7.8,,,,12.5,129.3,76.2,39,1.1,,1,78,,,-99.0,-99
Mauritania,4649658,2.74,123962,5,1030700,5000,4.6,20,57.0,0.06,MRT,64.7,29.9,7.5,165.54,160.06,1030700,5023,1.2,1235.0,20.9,41.7,37.4,40.3,9.5,50.2,12.0,,125,125,1623,2174,-551,-1066.0,68.0,3.8,,2.9,,,,25.2,89.3,15.2,86,0.2,,31,13,,,5.02,-99
Mauritius,1271768,0.17,2100,626,2030,0,1.4,37,41.0,0.02,MUS,74.9,39.6,7.3,173.01,158.94,1969,11511,3.5,9040.9,2.9,22.7,74.4,7.3,25.2,67.5,7.6,,96,96,2194,4655,-2461,-566.0,12.0,4.8,,4.9,,,,11.6,140.6,50.1,257,19.0,,10,51,,,0.67,-99
Mexico,128932753,1.06,1357224,66,1943950,-60000,2.1,29,84.0,1.65,MEX,75.0,58.6,5.2,170.29,157.9,1964375,1140724,2.5,8980.9,3.6,36.0,60.4,13.4,25.2,61.3,4.1,,120,120,373883,387064,-13181,-33216.0,18.8,6.3,2.1,5.3,,,,42.6,85.3,57.4,1162,34.0,,8514,62,,,0.03,-99
"Moldova, Republic of",4033963,-0.23,-9300,123,32850,-1387,1.3,38,43.0,0.05,MDA,71.8,22.7,13.4,175.59,162.96,33846,6475,-0.7,1591.4,13.4,20.8,65.8,28.8,30.9,40.3,5.0,,109,109,2045,4020,-1975,-415.0,14.3,10.3,2.5,7.5,,,,22.8,108.0,49.8,35,12.3,,15,23,,,4.49,-99
Mongolia,3278290,1.65,53123,2,1553560,-852,2.9,28,67.0,0.04,MNG,69.7,108.8,13.3,170.67,159.89,1564116,11758,2.3,3973.4,14.8,34.1,51.1,28.4,20.7,51.0,6.3,,147,149,4917,3358,1559,-948.0,22.8,4.7,2.9,4.6,,,,17.1,105.0,21.4,41,8.1,,677,84,,,2.21,-99
Morocco,36910560,1.2,438791,83,446300,-51419,2.4,30,64.0,0.47,MAR,76.5,20.6,3.1,176.35,161.18,446550,100359,4.4,2919.3,13.7,28.9,57.4,32.6,20.7,46.8,10.4,,130,130,22858,41696,-18838,-2161.0,28.1,5.9,0.6,,,,,20.5,126.9,57.1,207,12.6,,78,23,,,1.51,-99
Mozambique,31255435,2.93,889399,40,786380,-5000,4.9,18,38.0,0.4,MOZ,60.2,5.6,8.4,164.3,155.42,799380,14806,6.6,529.2,24.6,21.0,54.4,75.0,4.1,21.0,24.1,,137,137,3352,5295,-1943,-5833.0,67.3,7.0,0.1,6.5,,,,39.6,74.2,9.0,309,48.5,,779,20,,,12.54,-99
Myanmar,54409800,0.67,364380,83,653290,-163313,2.2,29,31.0,0.7,MMR,66.9,10.7,8.1,166.7,154.71,676577,62601,7.3,1161.5,26.7,34.5,38.7,23.6,14.6,61.7,0.8,,130,128,11673,15696,-4023,-3921.0,45.0,2.3,0.6,-99.0,,,,10.2,76.7,21.8,321,45.3,,1078,15,,,2.23,-99
Namibia,2540905,1.86,46375,3,823290,-4806,3.4,22,55.0,0.03,NAM,63.4,34.0,11.5,169.75,160.26,824116,11491,5.3,4673.6,6.6,30.6,62.8,29.1,14.6,56.3,24.9,,88,89,4816,6721,-1905,-1700.0,36.4,-99.0,,,,,,41.3,102.1,22.3,115,8.5,,19,31,,,1.24,-99
Nepal,29136808,1.85,528098,203,143350,41710,1.9,25,21.0,0.37,NPL,70.5,10.0,9.6,164.36,152.39,147181,20658,2.7,724.5,31.8,14.9,53.3,72.6,10.9,16.5,3.0,,139,139,703,5249,-4547,2447.0,32.8,5.8,,3.7,,,,29.6,96.8,17.6,104,25.4,,451,19,,,5.73,-99
Netherlands,17134872,0.22,37742,508,33720,16000,1.7,43,92.0,0.22,NLD,82.1,89.3,9.6,183.78,170.36,41542,750318,2.0,44332.1,1.8,20.0,78.2,2.2,15.9,81.9,5.6,,115,115,511714,420969,90745,65129.0,3.5,10.9,3.4,5.5,,,,38.0,123.5,93.1,40,11.1,,2447,178,,,-99.0,-99
New Zealand,4822233,0.82,39170,18,263310,14881,1.9,38,87.0,0.06,NZL,82.1,142.1,11.6,177.72,164.66,268107,173417,3.1,38294.3,6.5,23.0,70.6,5.9,21.4,72.6,5.5,,116,118,33833,36423,-2589,-5501.0,4.4,11.0,2.9,6.4,,,,34.2,121.8,88.2,199,38.6,,783,207,,-99.0,-99.0,-99
Nicaragua,6624554,1.21,79052,55,120340,-21272,2.4,26,57.0,0.08,NIC,74.3,14.9,11.9,169.91,155.62,130373,12693,4.9,2086.9,18.8,26.8,54.4,24.1,14.5,61.4,6.1,,130,130,2225,5927,-3701,-1045.0,20.0,9.0,0.9,,,,,45.7,116.1,19.7,144,25.9,,91,26,,,3.68,-99
Niger,24206644,3.84,895929,19,1266700,4000,7.0,15,17.0,0.31,NER,62.0,11.2,9.0,170.26,159.81,1267000,7143,3.6,359.0,39.6,19.1,41.3,62.3,14.4,23.3,2.7,,148,148,927,1861,-933,-1150.0,65.8,6.0,,6.7,,,,17.0,46.5,2.2,34,0.9,,101,5,,,12.26,-99
Nigeria,206139589,2.58,5175990,226,910770,-60000,5.4,18,52.0,2.64,NGA,54.3,8.6,17.3,171.55,158.14,923768,494583,2.7,2714.5,20.9,20.4,58.8,27.9,14.7,57.4,5.4,,116,117,104084,36533,67551,-15763.0,76.3,3.7,,-99.0,,,,5.6,82.2,47.4,361,8.1,,10851,32,,,0.52,-99
Norway,5421241,0.79,42384,15,365268,28000,1.7,40,83.0,0.07,NOR,82.5,61.7,10.1,180.48,166.45,386194,386578,1.6,74185.5,1.8,34.6,63.5,2.2,20.2,77.6,5.1,,103,104,89120,72473,16647,33746.0,2.4,9.7,4.4,7.4,,,,39.6,113.6,96.8,64,33.2,,8204,233,,,-99.0,-99
Oman,5106626,2.65,131640,16,309500,87400,2.9,31,87.0,0.07,OMN,77.6,49.8,3.5,171.7,158.44,309500,69832,5.7,15550.8,1.5,51.1,47.3,5.0,39.6,55.4,17.8,,134,134,24455,23260,1195,-10807.0,9.6,3.6,1.5,5.0,,,-99.0,1.2,159.9,74.2,99,,,3101,239,,,,-99
Pakistan,220892340,2.0,4327022,287,770880,-233379,3.6,23,35.0,2.83,PAK,67.1,12.3,3.1,167.33,154.77,796095,266458,5.5,1410.4,25.5,19.0,55.5,42.1,19.8,38.1,5.9,,135,138,20534,46998,-26464,-1603.0,69.8,2.6,0.8,2.6,,,,20.6,66.9,18.0,140,2.0,,2202,17,,,1.32,-99
Panama,4314767,1.61,68328,58,74340,11200,2.5,30,68.0,0.06,PAN,78.3,54.5,4.4,170.19,158.19,75320,52132,5.8,13268.1,2.8,27.1,70.0,14.5,19.6,65.9,6.2,,117,118,636,11697,-11061,-3377.0,15.2,8.0,1.6,3.2,,,,18.3,174.2,51.2,383,62.3,,31,35,,,0.02,-99
Papua New Guinea,8947024,1.95,170915,20,452860,-800,3.6,22,13.0,0.11,PNG,64.3,73.0,7.0,163.1,156.89,462840,21315,6.6,2797.6,20.1,28.2,51.8,68.3,5.7,26.0,2.5,,84,83,8760,8874,-114,5326.0,49.0,4.3,,-99.0,,,-99.0,2.7,46.6,7.9,493,74.1,,114,22,,,3.51,-99
Paraguay,7132538,1.25,87902,18,397300,-16556,2.4,26,62.0,0.09,PRY,74.1,70.3,9.3,173.81,159.76,406752,27714,3.1,4174.4,19.0,29.5,51.6,19.6,19.5,61.0,5.5,,160,166,8494,9753,-1259,-462.0,28.8,9.8,1.3,5.0,,,,13.8,105.4,44.4,59,39.4,,325,38,,,0.22,-99
Peru,32971854,1.42,461401,26,1280000,99069,2.3,31,79.0,0.42,PER,76.5,34.5,5.1,166.75,154.39,1285216,190428,3.3,6069.1,7.6,33.3,59.2,24.4,17.3,58.3,5.3,,145,148,36040,36185,-145,-9210.0,18.6,5.5,1.1,4.0,,,,27.7,109.9,40.9,685,57.9,,1020,30,,,0.18,-99
Philippines,109581078,1.35,1464463,368,298170,-67152,2.6,26,47.0,1.41,PHL,71.1,31.1,3.7,165.23,154.14,300000,292449,5.9,2904.2,10.5,31.3,58.2,27.7,16.3,56.1,5.9,,122,120,56313,85909,-29596,7694.0,22.2,4.7,,,,,,29.5,118.1,40.7,783,26.2,,991,19,,,0.15,-99
Poland,37846611,-0.11,-41157,124,306230,-29395,1.4,42,60.0,0.49,POL,78.5,78.1,13.4,180.69,165.78,312679,477066,3.9,12355.5,2.6,34.1,63.3,10.9,29.6,59.5,5.3,,113,113,196455,188518,7937,-2932.0,4.5,6.4,2.3,4.9,,,,28.0,148.7,68.0,58,30.7,,2819,102,,,-99.0,-99
Portugal,10196709,-0.29,-29478,111,91590,-6000,1.3,46,66.0,0.13,PRT,81.9,91.1,8.6,174.37,161.23,92226,199122,1.6,19239.2,2.3,22.3,75.4,8.0,23.8,68.2,10.5,,104,104,55658,67580,-11922,842.0,2.9,9.5,4.4,5.1,,,,34.8,110.4,68.6,281,34.9,,250,84,,,-99.0,-99
Romania,19237691,-0.66,-126866,84,230170,-73999,1.6,43,55.0,0.25,ROU,75.9,54.5,8.0,177.82,164.73,238391,177956,3.7,9120.7,4.8,34.9,60.3,25.5,27.7,46.8,7.1,,100,100,63581,74605,-11024,-2096.0,8.7,5.6,2.7,3.1,,,,20.7,107.1,55.8,104,29.5,,1109,68,,,-99.0,-99
Russian Federation,145934462,0.04,62206,9,16376870,182456,1.8,40,74.0,1.87,RUS,72.4,51.0,26.5,176.65,164.52,17098246,1326016,-3.7,9243.3,4.7,31.8,63.5,6.8,27.1,66.1,5.8,,120,120,285491,182257,103234,69000.0,8.3,7.1,3.3,3.9,,,,15.8,160.0,73.4,235,49.8,,54829,208,,,-99.0,-99
Rwanda,12952218,2.58,325268,525,24670,-9000,4.1,20,18.0,0.17,RWA,68.7,4.4,11.0,166.02,156.72,26338,8096,6.9,697.3,34.6,15.1,50.3,75.0,7.2,17.8,2.4,,139,139,622,1778,-1157,-1099.0,44.0,7.5,,3.6,,,,61.3,70.5,18.0,62,19.2,,84,8,,,13.67,-99
Saint Lucia,183627,0.46,837,301,610,0,1.4,34,19.0,0.0,LCA,76.1,124.1,7.3,176.43,165.52,539,1450,1.9,7839.4,2.7,12.9,84.4,14.8,17.6,67.6,19.0,,69,69,120,654,-535,-100.0,10.9,6.7,,4.9,,,,16.7,101.5,52.4,62,33.4,,0,33,,,0.97,-99
Samoa,198414,0.67,1317,70,2830,-2803,3.9,22,18.0,0.0,WSM,73.2,82.6,5.4,174.42,163.82,2842,774,2.8,4006.0,9.3,24.2,66.6,5.3,14.8,79.8,6.5,,107,107,56,350,-294,-44.0,18.0,7.2,,,,,,10.0,58.5,25.4,93,60.4,,2,24,,,12.75,-99
Saudi Arabia,34813871,1.59,545343,16,2149690,134979,2.3,32,84.0,0.45,SAU,75.0,44.6,3.4,170.67,158.84,2206714,653219,3.4,20710.6,2.3,46.0,51.8,5.9,22.7,71.4,5.5,,96,96,182329,135904,46426,-56724.0,13.0,4.7,2.6,,,,,19.9,176.6,69.6,131,0.5,,25904,287,,,,-99
Senegal,16743927,2.75,447563,87,192530,-20000,4.7,19,49.0,0.21,SEN,67.7,17.7,11.8,176.18,163.92,196712,13633,6.5,901.1,15.5,24.1,60.4,51.4,20.7,27.9,9.3,,126,127,2640,5478,-2838,-1348.0,43.9,4.7,,7.4,,,,42.7,100.0,21.7,123,43.2,,77,11,,,6.49,-99
Seychelles,98347,0.62,608,214,460,-200,2.5,34,56.0,0.0,SYC,73.3,51.1,8.3,175.9,162.47,457,1363,6.8,14133.2,2.7,13.6,83.8,3.6,17.9,78.2,4.1,,105,109,335,833,-498,-256.0,10.2,3.4,1.0,3.6,,,,21.2,158.1,58.1,439,88.4,,0,72,,,0.5,-99
Sierra Leone,7976983,2.1,163768,111,72180,-4200,4.3,19,43.0,0.1,SLE,54.3,6.1,16.1,166.43,157.34,72300,4483,-20.3,694.8,51.4,17.6,31.1,68.0,6.5,25.5,3.1,,168,168,466,958,-492,-1317.0,94.4,11.1,,2.7,,,,12.4,89.5,2.5,177,41.3,,53,11,,,21.56,-99
Singapore,5850342,0.79,46005,8358,700,27028,1.2,42,100.0,0.08,SGP,83.8,71.1,7.9,173.5,161.3,719,292734,2.0,52239.0,,26.4,73.6,0.3,17.0,82.6,2.0,,112,112,329871,283009,46862,57922.0,2.1,4.9,1.9,2.9,-99.0,-99.0,-99.0,23.8,146.1,82.1,293,23.1,,27,209,,,-99.0,-99
Slovakia,5459642,0.05,2629,114,48088,1485,1.5,41,54.0,0.07,SVK,77.4,67.4,10.1,181.02,167.12,49035,87268,3.8,16082.5,3.7,34.8,61.5,3.3,34.5,62.2,9.9,,97,97,77565,75156,2409,193.0,5.7,8.1,3.4,4.2,,,,20.0,122.3,85.0,54,40.3,,264,121,,,-99.0,-99
Slovenia,2078938,0.01,284,103,20140,2000,1.6,45,55.0,0.03,SVN,81.2,88.0,13.3,180.98,167.2,20273,42777,2.3,20689.8,2.4,32.7,64.9,8.9,29.6,61.5,8.1,,89,89,27585,26646,939,2216.0,2.5,9.2,2.8,5.5,,,,36.7,113.2,73.1,143,62.0,,154,135,,,-99.0,-99
Solomon Islands,686884,2.55,17061,25,27990,-1600,4.4,20,23.0,0.01,SLB,72.8,9.7,5.9,163.07,156.79,28896,1075,3.2,1841.6,28.2,15.6,56.3,48.1,2.4,49.5,31.4,,118,118,437,454,-17,-36.0,30.0,5.1,0.2,,,,-99.0,2.0,72.7,10.0,245,78.3,,3,11,,,16.47,-99
Somalia,15893222,2.92,450317,25,627340,-40000,6.1,17,47.0,0.2,SOM,56.7,9.5,8.3,171.22,159.86,637657,1559,2.7,144.5,60.2,7.4,32.5,72.0,4.8,23.2,6.6,,112,112,925,530,394,-99.0,79.5,-99.0,,-99.0,,,-99.0,24.2,52.5,1.8,175,10.3,,129,12,,,22.85,-99
South Africa,59308690,1.28,750420,49,1213090,145405,2.4,28,67.0,0.76,ZAF,63.9,39.0,12.8,169.63,158.58,1221037,314571,1.3,5773.0,2.4,28.9,68.7,6.1,26.2,67.7,26.0,,125,126,74111,74744,-633,-13644.0,36.5,8.8,0.8,6.0,,,,42.2,159.3,51.9,581,7.6,,7102,122,,,0.47,-99
Spain,46754778,0.04,18002,94,498800,40000,1.3,45,80.0,0.6,ESP,83.4,118.6,6.1,176.11,162.03,505944,1192955,3.2,25865.4,2.6,23.6,73.7,3.9,19.2,76.8,18.3,,102,102,281777,302539,-20762,16208.0,2.9,9.0,3.8,4.3,,,,39.1,107.9,78.7,617,36.8,,1432,102,,,-99.0,-99
Sri Lanka,21413249,0.42,89516,341,62710,-97986,2.2,34,18.0,0.27,LKA,76.8,6.6,14.2,168.07,155.88,65610,82316,4.8,3973.7,8.7,30.7,60.6,27.4,25.9,46.6,5.2,,120,122,10546,19501,-8955,-2009.0,8.2,3.5,,2.2,,,,5.8,112.8,30.0,587,33.1,,179,20,,,0.53,-99
St. Vincent & Grenadines,110940,0.32,351,284,390,-200,1.9,33,53.0,0.0,VCT,72.4,79.1,2.4,177.49,165.3,389,738,1.6,6739.2,7.5,17.2,75.3,22.1,16.1,61.8,19.1,,115,115,47,335,-288,-210.0,16.5,8.6,,,,,-99.0,13.0,103.6,51.8,58,69.2,,0,29,,,1.8,-99
Sudan,43849260,2.42,1036022,25,1765048,-50000,4.4,20,35.0,0.56,SDN,65.1,21.0,9.5,172.07,160.36,-99,79546,4.9,1977.0,32.4,20.1,47.6,32.9,20.4,46.7,13.4,,-99,-99,1797,7658,-5861,-5933.0,48.7,8.4,3.1,,,,,30.5,70.5,26.6,133,-99.0,,682,16,-99.0,-99.0,1.09,-99
Suriname,586632,0.9,5260,4,156000,-1000,2.4,29,65.0,0.01,SUR,71.6,40.3,23.2,174.51,162.26,163820,4879,-2.7,8985.3,11.4,27.4,61.1,3.4,22.3,74.3,9.9,,152,152,1437,1244,193,-808.0,17.4,5.7,,-99.0,,,,25.5,180.7,42.8,83,98.3,,44,62,,,0.32,-99
Sweden,10099265,0.63,62886,25,410340,40000,1.9,41,88.0,0.13,SWE,82.7,76.1,13.8,180.46,166.67,438574,495694,4.1,50687.5,1.3,26.3,72.4,1.8,18.2,79.9,7.3,,100,100,139574,140838,-1263,23250.0,2.4,11.9,4.1,7.7,,,,43.6,130.4,90.6,54,68.9,,1428,206,,,-99.0,-99
Syrian Arab Republic,17500658,2.52,430523,95,183630,-427391,2.8,26,60.0,0.22,SYR,71.8,21.2,2.4,171.64,159.38,185180,28393,-5.3,1534.5,20.7,30.0,49.3,18.5,39.2,42.3,13.8,,65,68,1265,2383,-1118,,17.9,3.3,1.5,,,,,13.2,62.4,30.0,132,2.7,,237,24,,,,-99
Tajikistan,9537645,2.32,216627,68,139960,-20000,3.6,22,27.0,0.12,TJK,70.9,8.7,3.3,168.43,158.12,142600,7853,4.2,925.9,25.0,28.0,47.1,57.2,13.4,29.4,10.8,,155,172,899,3030,-2132,-472.0,38.9,6.9,1.7,5.2,,,,19.0,98.6,19.0,45,3.0,,76,14,,,4.55,-99
"Tanzania, United Republic of",59734218,2.98,1728755,67,885800,-40076,4.9,18,37.0,0.77,TZA,65.0,10.0,9.6,166.98,156.89,947303,45628,7.0,877.3,31.1,26.1,42.9,66.9,6.4,26.7,2.7,,176,180,4742,7876,-3134,-3312.0,44.0,5.6,,3.5,,,,36.4,75.9,5.4,1082,52.4,,935,20,,,5.85,-99
Thailand,69799978,0.25,174396,137,510890,19444,1.5,40,51.0,0.9,THA,76.9,27.9,12.9,171.61,159.42,513120,395168,2.8,5814.8,9.1,35.7,55.1,34.0,22.7,43.3,0.6,,129,126,213927,195666,18260,32149.0,11.2,4.1,,4.1,,,,4.9,125.8,39.3,611,32.0,,3338,83,,,0.02,-99
Timor-Leste,1318445,1.96,25326,89,14870,-5385,4.1,21,33.0,0.02,TLS,69.3,41.3,6.4,160.13,152.71,14919,2873,4.3,2425.4,5.2,79.9,14.9,50.8,2.0,47.2,4.3,,111,117,94,647,-553,238.0,43.9,1.5,0.1,7.8,,,,38.5,117.4,13.4,24,46.9,,143,7,,,8.89,-99
Togo,8278724,2.43,196358,152,54390,-2000,4.4,19,43.0,0.11,TGO,60.8,8.5,16.6,170.14,159.13,56785,4086,5.5,559.4,45.7,19.7,34.6,62.5,8.7,28.7,6.8,,140,143,715,1716,-1001,-461.0,55.7,5.2,,5.2,,,,17.6,65.0,7.1,80,3.8,,111,20,,,5.51,-99
Trinidad and Tobago,1399488,0.32,4515,273,5130,-800,1.7,36,52.0,0.02,TTO,73.4,57.8,12.9,176.03,163.38,5127,25927,0.2,19062.9,0.5,42.5,57.0,4.1,31.6,64.3,4.2,,95,95,4576,4826,-249,,24.8,5.9,,,,,,31.0,157.7,69.2,69,45.4,,1663,607,,,,-99
Tunisia,11818619,1.06,123900,76,155360,-4000,2.2,33,70.0,0.15,TUN,76.5,25.5,3.2,176.85,161.69,163610,41199,0.8,3660.9,10.3,27.8,62.0,11.7,29.4,58.9,14.6,,108,108,13483,19456,-5973,-3850.0,18.5,7.0,1.6,6.3,,,,31.3,129.9,48.5,96,6.6,,274,39,,,1.14,-99
Turkey,84339067,1.09,909452,110,769630,283922,2.1,32,76.0,1.08,TUR,78.3,19.3,7.2,176.36,161.8,783562,717888,4.0,9125.8,8.6,26.4,65.0,19.6,27.5,52.9,10.8,,120,122,142606,198602,-55996,-32278.0,12.6,5.4,1.7,4.8,,,,14.9,96.0,53.7,388,15.1,,1303,65,,,0.3,-99
Turkmenistan,6031200,1.5,89111,13,469930,-5000,2.8,27,53.0,0.08,TKM,68.1,41.7,7.2,174.37,162.83,488100,37597,6.5,6996.7,13.4,51.0,35.6,17.9,37.4,44.7,8.6,,103,109,3741,2616,1125,-99.0,46.9,2.1,2.3,3.1,,,,25.8,145.9,15.0,54,8.8,,3270,212,,,0.07,-99
Uganda,45741007,3.32,1471413,229,199810,168694,5.0,17,26.0,0.59,UGA,63.0,11.7,20.0,168.74,158.53,241550,25282,5.4,647.7,25.6,21.5,52.9,72.0,7.4,20.5,2.4,,93,90,2755,3750,-996,-2353.0,60.2,7.2,,2.2,,,,34.3,50.4,19.2,196,11.0,,409,12,,,6.35,-99
Ukraine,43733762,-0.59,-259876,75,579320,10000,1.4,41,69.0,0.56,UKR,72.0,32.3,18.5,180.98,166.62,603500,90615,-9.9,2021.6,14.0,26.3,59.7,15.7,24.6,59.7,8.8,,137,137,36369,39184,-2815,-189.0,8.8,7.1,3.0,5.9,,,,12.3,144.0,49.3,102,16.6,,3203,98,,,1.63,-99
United Arab Emirates,9890402,1.23,119873,118,83600,40000,1.4,33,86.0,0.13,ARE,77.8,74.4,2.7,174.08,160.53,83600,370296,3.8,40438.8,0.7,44.9,54.4,3.5,21.1,75.4,3.7,,70,70,195613,201908,-6296,-99.0,6.2,3.6,1.6,-99.0,,-99.0,-99.0,20.0,187.4,91.2,56,3.8,,8642,366,,,-99.0,-99
United Kingdom,67886011,0.53,355839,281,241930,260650,1.8,40,83.0,0.87,GBR,81.2,79.6,7.6,178.21,163.94,242495,2858003,2.2,44162.4,0.7,19.4,79.9,1.2,18.4,80.4,5.0,,108,108,415856,635570,-219713,-122571.0,4.1,9.1,2.8,5.7,,,,30.0,125.8,92.0,102,12.9,,4482,116,,,-99.0,-99
United States,331002651,0.59,1937734,36,9147420,954806,1.8,38,83.0,4.25,USA,78.9,124.8,13.7,176.94,163.31,9833517,18036648,2.6,56053.8,1.0,19.7,79.3,1.5,17.2,81.3,4.9,,111,113,1453167,2249661,-796494,-462961.0,6.0,17.1,2.6,5.4,,,,19.1,117.6,74.6,1513,33.9,,83887,289,,,-99.0,-99
Uruguay,3473730,0.35,11996,20,175020,-3000,2.0,36,96.0,0.04,URY,77.8,98.6,16.5,174.32,161.56,173626,53442,1.0,15573.8,6.8,28.0,65.2,8.7,20.5,70.8,8.8,,129,130,6964,8137,-1173,-1141.0,12.7,8.6,,4.4,,,,20.2,160.2,64.6,106,10.4,,113,58,,,0.04,-99
Uzbekistan,33469203,1.48,487487,79,425400,-8863,2.4,28,50.0,0.43,UZB,71.5,20.7,7.4,170.94,160.29,448969,69004,6.8,2308.3,19.2,32.9,47.9,29.0,23.9,47.1,8.9,,158,174,27947,25652,2295,-99.0,31.3,5.8,2.5,-99.0,,,,16.0,73.3,42.8,59,7.6,,2339,62,,,0.66,-99
Vanuatu,307145,2.42,7263,25,12190,120,3.8,21,24.0,0.0,VUT,70.3,32.6,5.4,168.29,160.48,12189,737,-1.0,2783.0,26.7,8.4,64.9,61.4,6.8,31.8,5.3,,123,122,50,416,-366,-82.0,24.3,5.0,0.2,5.5,,,,0.0,66.2,22.4,137,36.1,,1,12,,,12.32,-99
"Venezuela, Bolivarian Republic of",28435940,-0.28,-79889,32,882050,-653249,2.3,30,43.0,0.36,VEN,72.1,56.6,3.8,173.53,160.04,912050,344331,-6.2,11068.9,5.3,44.7,50.0,11.9,26.8,61.3,6.6,,118,119,19731,16324,3407,-20360.0,13.8,5.3,,,,,,22.2,93.0,61.9,328,53.1,,7460,90,,,0.01,-99
Viet Nam,97338579,0.91,876473,314,310070,-80000,2.1,32,38.0,1.25,VNM,75.3,28.6,7.0,168.89,158.43,330967,193241,6.7,2067.9,18.9,37.0,44.2,41.8,22.9,35.2,2.2,,136,134,176632,174111,2520,906.0,19.3,7.1,1.2,5.7,,-99.0,,26.7,130.6,52.7,616,47.2,,2977,30,,,1.73,-99
Yemen,29825964,2.28,664042,56,527970,-30000,3.8,20,38.0,0.38,YEM,66.1,14.7,9.8,164.42,154.76,527968,29688,-28.1,1106.4,14.7,36.9,48.4,32.9,17.9,49.2,16.1,,136,137,570,6861,-6291,-3026.0,47.2,5.6,0.3,,,,,0.0,68.0,25.1,298,1.0,,668,12,,,2.99,-99
Zambia,18383955,2.93,522925,25,743390,-8000,4.7,18,45.0,0.24,ZMB,63.5,11.9,11.3,167.62,157.32,752612,21255,2.9,1311.1,8.2,32.3,59.5,54.8,9.9,35.3,7.4,,179,180,6505,7442,-937,-768.0,53.8,5.0,0.2,,,-99.0,,18.0,74.5,21.0,88,65.6,,374,26,,,3.96,-99
Zimbabwe,14862924,1.48,217456,38,386850,-116858,3.6,19,38.0,0.19,ZWE,61.2,15.2,19.1,170.69,159.85,390757,13893,1.1,890.4,13.0,30.5,56.5,67.5,7.3,25.2,5.0,,99,98,2832,5212,-2379,-1521.0,46.5,6.0,0.1,8.4,,,,32.6,84.8,16.4,89,37.2,,482,30,,,6.0,-99
